18sgg44TybZB46ipv9nt8u8L8JVz7gprZg,51320a17c26119e0d774875f573e80b4ec59dd91f8f0b7c82af5b23eafda1fd5,in
37saouVqBrJzxAq78g6WNYqPbyLjELUjCU,a38f3c3bd7ff274ddad8b07a0c58a9b7dbb486c4a679b2ce9d6b74e830f9a8ea,in
3F3c6JZ41UCb35F7LrxQXWAXpqciSk4QLo,843e3f658d129bb73a33d49e7732679e38cbd5c8995cd931ee9f3e02c14f6fd0,in
3F3c6JZ41UCb35F7LrxQXWAXpqciSk4QLo,3056026572c9986b926d48e9ab1500958414156cc687575fc8390c2feffb022b,in
3LsVxkFtErBrYCcuoDGBS1JLS5FfjPCsDZ,3b37b5874cd61d86c49caf272696c3d457c3dce1d53550d0047be590124c8649,in
3LsVxkFtErBrYCcuoDGBS1JLS5FfjPCsDZ,55c12b95a4417a6d486dc180ff9be7aa5187b99778cdfc10760d7c50f9a65cbd,in
37saouVqBrJzxAq78g6WNYqPbyLjELUjCU,774e82aebe5ef5e4cc159cc0649f0b05db9aec0f74c4e08690f23e7d4f8cf328,in
37saouVqBrJzxAq78g6WNYqPbyLjELUjCU,15abd48a05d7edf43efaab314ab5222bec4278699ba600bb95c69e9e1732cb8d,in
37saouVqBrJzxAq78g6WNYqPbyLjELUjCU,0aed71c8a062cd3faf69cf619023529df4bac0252d8f773f613d99847010f496,in
37saouVqBrJzxAq78g6WNYqPbyLjELUjCU,b3f27c02f3328f4696f3b8d950256b0008fe6176c2c6e2b7b04314a93a8bc3c5,in
1DwaRs2SwYjCq779r5DzNGe815c2124g7x,78cff4e9413cf1ce02cc80126fafaafc96520ba3240c2d10622f7629656780b7,in
3ADunXLCNxfGkoFUfTEmVTnv3kjQRaZQaP,9107a237c49327f50ffeb1180d92f418c3b0467b20ef7c698491cf32b9a36106,in
32D2LndhE6gvXH4RZ1qpTobdeEny4kwHde,fc0bfb95f6e01d78e4885466aad4d2000a58e5a6522beed4b7669b0d4e22fa4e,in
3LahwgeCRpQk6JhjJuxY5fYfGTftRNvM88,8e0c3e770f1ccffc80d885c58b05a1fc98ebc5618c2e01494cfa06741af71d49,in
3Cu8p8ohW6Bo3Ga6XbqQpVjDHz3fFT4zkP,93ca6d2119cb57a3b2035f85024d37a08b1b3b73e3b4c8fba29952f03a082b4b,in
3FCJ1Mht2pCcDY5zguvbGaLojQW87y21sq,c0260964f375129c6a7ad9e39ad4db7ce5e6036eebbadb867ec8fddf20995ea4,in
39jLGkXR4VS4qke3KkMEXWRH26oaDHFArQ,57c8b45c6782cc147a14e50afa82dfaeb6bf40060c305c2c7f59bd5e9db35e6b,in
14wVWWkfdMVnDa5riR8X5PELdPUXzykpgA,688ac7fd94563146f74045e8be89a51397955042a56aba4f5d35f2c42b56d883,in
1Nct9xBMo6fhJjuh8cYssgrWPxbdM55EwR,9421e60aca685dad13649fb3c141da8f661f7b9b6a5223799f4961e8302c5164,in
32RkrNRfyt2BpiZ1rvQY3Sp9WzrnpLAPC2,4bbd38f3561efde78d57eab576bb4f1cd3fb89c88099249a14ea0b2932b4cc5d,in
3AdorkDobnYKNfAfgNgLBa7aafJMfqSXzp,95cf7b7ec952fe69bf0382c1d12e519ec406cc5c47899a41dca92746c2dece9d,in
3AdorkDobnYKNfAfgNgLBa7aafJMfqSXzp,ef35ed4179c2d73a55d63a5e0d1e798dfe93005ef323065ae44783a43ce47ec9,in
3AdorkDobnYKNfAfgNgLBa7aafJMfqSXzp,334afb60a8d08149308eb353a2f9e9a2eea9721b790e7871dd5fa0a573819216,in
1G1zPbfJeUk89MfrrQkiD2iVSnYQJkJVZV,efcf65dbd169abada65cd9a8ef56df43bc930c4aa85d17f5e7cc0364d0a5b50f,in
1G1zPbfJeUk89MfrrQkiD2iVSnYQJkJVZV,0511419a2e6e79e503b641d5aceb1ce80b8f9742afc67fd10fcc64cbeb7cb464,in
1G1zPbfJeUk89MfrrQkiD2iVSnYQJkJVZV,9f5d88c89856e82ceaed08cc8f7a0f27638e2d96ed82fcb7bbb656b367bed232,in
1G1zPbfJeUk89MfrrQkiD2iVSnYQJkJVZV,7cdc20a82be8d24bd009ff8c7369ef248bf150465f215813c9db9d25ed3fe90e,in
1G1zPbfJeUk89MfrrQkiD2iVSnYQJkJVZV,a4f621250d401662dd515b3880f4ceaed4a243aaf982afaff9f820227294e8dc,in
1G1zPbfJeUk89MfrrQkiD2iVSnYQJkJVZV,2f8e10cee2576a93c6dfd3be9b3140087703003c2603e570e730959730ea658b,in
1G1zPbfJeUk89MfrrQkiD2iVSnYQJkJVZV,2e370228026ba97c0cf5a366552db45c1fb0dd544e71b4de4fbeac72ba6027bb,in
1G1zPbfJeUk89MfrrQkiD2iVSnYQJkJVZV,f9b81e3485a5be4b078f58f36fd3f65c0b3957ff890e40719f785c2cf770fdf5,in
34NjxRiiyHm7ptrtUD3mURRH6v8z38AVGx,e7c2b8adb10b2943a8db5191ca6787a776e16971ddaa7e10f371c43c9045bebd,in
3AdorkDobnYKNfAfgNgLBa7aafJMfqSXzp,da7b553617bf1c7f113b56f1b0aa135fee3d9f7bebdab91d4ee8a54d25b8cce9,in
39RwB8D6fg8mA1m7VGAGobKRtZM1vHV99F,a4b0d59d48c1b0e6360e447964dd8db05731e73d18f6d74a96f1623e15284bc6,in
3NvCpjwdVNs65UKbaDHicL1UXbBYiueut2,cec89685e7e56cce58068d03f9b38a923ffdfea38beec5100d4b95fc26d3a9f2,in
3AdorkDobnYKNfAfgNgLBa7aafJMfqSXzp,607398827d92e7705eb67337d4d628fc3a1c01bb5d065f3212ee22deda63d78a,in
32RkrNRfyt2BpiZ1rvQY3Sp9WzrnpLAPC2,8d98d07d6280cb3c2c718741542f81f068a75298e38c3d5cf8f56ced8d82e779,in
3AdorkDobnYKNfAfgNgLBa7aafJMfqSXzp,05b55f32be6fec855ffd3fabdb5ced66b915465cb78f41ee7eda57f2929b8264,in
3AdorkDobnYKNfAfgNgLBa7aafJMfqSXzp,521e1addce8961197f1078903cfb66f28f24fcade790546f1c39afcb8d46ccc3,in
3NvCpjwdVNs65UKbaDHicL1UXbBYiueut2,6c1b989ced41a7302a323a59689757ed87c162f4515aaf05175dcc4ed72a2e63,in
32RkrNRfyt2BpiZ1rvQY3Sp9WzrnpLAPC2,144c5a3ebcebfed5e1c207a0d573dd9d1912448cda8f4af351b314354d6b9ba2,in
33HcwoRHjhQBkrMPmeHxuQmD6jkebuVxMi,abc6a0c4ddaa74a84c783b58035c7e6e4bc54c6795c7dfd56d9fb676822fb0ba,in
34NjxRiiyHm7ptrtUD3mURRH6v8z38AVGx,3603377830e01ef0fbe1f14807f808b86058d7d753695af0ed15b3547dd8263e,in
34NjxRiiyHm7ptrtUD3mURRH6v8z38AVGx,2d726f039990640aea893e09a4dfd33ff74fddac37eaa103a864a50fbe10b15b,in
34NjxRiiyHm7ptrtUD3mURRH6v8z38AVGx,ba657df3fc8aec248bd716bc05057be01ffd15b4993b3428a85391d98a9eae30,in
34NjxRiiyHm7ptrtUD3mURRH6v8z38AVGx,32b7646a9c0068b3fc801a40da6a459e1e65528fda51fc970f426bafc98bdff8,in
33HcwoRHjhQBkrMPmeHxuQmD6jkebuVxMi,60acfa2379e625a336d581f4399a7b634f0f5149262877b0a3c83df0c11de934,in
351kqTaiC8vPzgww7aUWLvx7wDcG2BKVLd,e414b2ebf15bbb38a059a21e2e1978050ae43c8b0f70566647955948aad56233,in
3AdorkDobnYKNfAfgNgLBa7aafJMfqSXzp,2c059aad94cdcd5522a0b388bdc9ee7248355e1ca99b42b559baed69b9dffd32,in
3AdorkDobnYKNfAfgNgLBa7aafJMfqSXzp,8c74f291bbc1389d3002471773a51bf8594f228571f92ced989c2dd70f9bf62d,in
3AdorkDobnYKNfAfgNgLBa7aafJMfqSXzp,018d986e5c74a65062d20e1931f05fe03c9f1f69ea7f4e5f430f95020fa965b5,in
39RwB8D6fg8mA1m7VGAGobKRtZM1vHV99F,5cdddd1f0a01336139d42dde19aacb556d8fdbbc94b4e9ef424fd83f097af228,in
3AdorkDobnYKNfAfgNgLBa7aafJMfqSXzp,862bb4c643fd39d411c6224ec69a808d448b0d30055b9dd55c2c2599bc59f325,in
39RwB8D6fg8mA1m7VGAGobKRtZM1vHV99F,7abe9cbbbf9ff91e4eb084f66197c79e0fff4e19a7f413d01272ce9098c54412,in
3NvCpjwdVNs65UKbaDHicL1UXbBYiueut2,d38279889d88a5bbbb9a5e6b7fa275c950f42c786c1eea22935d466029c521ed,in
39sfuA8pY4UfybgEZi7uvA13jkGzZpsg5K,57ad883e5595b68a7fec05b3ef46f1d31e63a085dcbf81daa4635d92c16b528a,in
39sfuA8pY4UfybgEZi7uvA13jkGzZpsg5K,ed5c0715bfa89984bc769b8fb121fa36b59edca3fe602d2ed2f18dab37d92941,in
39sfuA8pY4UfybgEZi7uvA13jkGzZpsg5K,bac4a595b77cc8050734dd0d01ae58f2774ce1201cd934ccae7373f03be5f399,in
39sfuA8pY4UfybgEZi7uvA13jkGzZpsg5K,6d91c0e255cec04a9e79a9ee8fc84650ee2b9772c11f2444f18feacef76d19ae,in
39sfuA8pY4UfybgEZi7uvA13jkGzZpsg5K,1801bb525f57f48c525fae92d932b7904af9d1a1881da765f0ba6372e73793f7,in
39sfuA8pY4UfybgEZi7uvA13jkGzZpsg5K,891d439c82a5f5790bd1536e5722d9cfcd59636ab5ec40c6fb4ff6c2d9374469,in
39sfuA8pY4UfybgEZi7uvA13jkGzZpsg5K,89a296bf6e5fd44919f3152730f13de82ad0eb457d6d2e6ebf9d7c489d8f20fe,in
39sfuA8pY4UfybgEZi7uvA13jkGzZpsg5K,080f419f721d72ff98f52f67a65a7b9146b935c91e07b68b9f3775d838eb66f8,in
39sfuA8pY4UfybgEZi7uvA13jkGzZpsg5K,b8f60fcf4ff607a14aee5312eda84d337f84a6338be6b09ec4f7947b318fafbe,in
39sfuA8pY4UfybgEZi7uvA13jkGzZpsg5K,b6e81b62b225d16817562f9557cf722214ecaa8ccafb827c0919d9f7fae980ca,in
39sfuA8pY4UfybgEZi7uvA13jkGzZpsg5K,24830c9234bdfc0e0c104099a7120aa0b8f236e5587809255073b694ee1af777,in
39sfuA8pY4UfybgEZi7uvA13jkGzZpsg5K,d2de9f4f517302797536e71eb771e3106aec64429ee56a61c99b2ddad76ce05a,in
39sfuA8pY4UfybgEZi7uvA13jkGzZpsg5K,a11ea40d0449f1af7350f2de4311a2f39cd10b60b7557a0471e39b023d42eef7,in
39sfuA8pY4UfybgEZi7uvA13jkGzZpsg5K,6a654b29e28047304673ff870b3c99f1eda7460587ac617baf0c6de047d1aef1,in
39sfuA8pY4UfybgEZi7uvA13jkGzZpsg5K,f6cc232b9d7d66099a6972fb19604f1ffd98d9d7932762012c5ca2759edb9151,in
39sfuA8pY4UfybgEZi7uvA13jkGzZpsg5K,a5b69f1eda8e5403eafe76b770c7b7878edfa467a54db00e96a710d680b5ed48,in
39sfuA8pY4UfybgEZi7uvA13jkGzZpsg5K,c6652f76fe1a2fbfd73e772dcacc4415021f397f7f817007006139abbb216a3e,in
39sfuA8pY4UfybgEZi7uvA13jkGzZpsg5K,b6671887991e14dda5a40381a6e8b0ebedec37169b2e9f767b69b38d1ccd5abb,in
39sfuA8pY4UfybgEZi7uvA13jkGzZpsg5K,0cabd6c3f9ee7eee8d6b49ec16a05247782b7ac7f6e4ba1afcf002506fbe7573,in
39sfuA8pY4UfybgEZi7uvA13jkGzZpsg5K,59ae90154ebe869733b12e48ed83bdb009fcb307242b59c2244c842df305b8c6,in
39sfuA8pY4UfybgEZi7uvA13jkGzZpsg5K,0a6063489ee3cbec7c13069efc8fa818beac71640e48cde5d285e81b45a1b1f3,in
39sfuA8pY4UfybgEZi7uvA13jkGzZpsg5K,7a3aa179e8d27e5a040f2f3e4264ab4112be52e3f2bb06e446042274ea1a65d0,in
39sfuA8pY4UfybgEZi7uvA13jkGzZpsg5K,eee774f27096af8c11ebbd16d0072ee0fd6eaf899d52ab5d7b08256810de5817,in
39sfuA8pY4UfybgEZi7uvA13jkGzZpsg5K,8335c5198ab2c79941b7ac1824fec66f4ffdd2fe70924add189356315af382dd,in
39sfuA8pY4UfybgEZi7uvA13jkGzZpsg5K,707418b9ebfbec591b15ab7066ba91fbb70e0c45d96b044076754857b9824346,in
39sfuA8pY4UfybgEZi7uvA13jkGzZpsg5K,c724b433470abfe6f078d91c767c8f59ed9df361de7e474e14a1470bd5518429,in
39sfuA8pY4UfybgEZi7uvA13jkGzZpsg5K,1fd462217c2dd40d5682a677b746fe4236d767994f90a42a9d87332ed73f0ce0,in
34NjxRiiyHm7ptrtUD3mURRH6v8z38AVGx,8055d9aec9717ac81b4838d37a0ebc1d97fd7b411fc722d41c4c5fb1cb927fde,in
34NjxRiiyHm7ptrtUD3mURRH6v8z38AVGx,4f1398a1bf16d5a17b4ec79fa00847dc16f493aaa633a7205d8e775c084e15e4,in
34NjxRiiyHm7ptrtUD3mURRH6v8z38AVGx,9709bbaefbe60b0872c85d479480dec27c14da0b76bef3e3d03c736ac7154a0a,in
34NjxRiiyHm7ptrtUD3mURRH6v8z38AVGx,a10f7375d837d1616a5cb27a599c7a800ca7bce362857d3ee0979b30cf08051b,in
351kqTaiC8vPzgww7aUWLvx7wDcG2BKVLd,8ccb97d2770c9fb04b7d06616e69e8847883a5039b8ce65be326465b70ede398,in
39RwB8D6fg8mA1m7VGAGobKRtZM1vHV99F,f9dd4fb7ea2b63812d4e6e4ce2c4b03c564a8c2564e38c1a02d72bcd4d462e84,in
39sfuA8pY4UfybgEZi7uvA13jkGzZpsg5K,42ba021513a358b397c40f69896c0a0eb70dc8e66cd7a705db1e064485f6401d,in
39sfuA8pY4UfybgEZi7uvA13jkGzZpsg5K,4e1148177df3822493d027c24cec007c1af36dfe99b0a190c1d8c0b6c90a485d,in
39sfuA8pY4UfybgEZi7uvA13jkGzZpsg5K,38ce73bdacfbc43e5589acc5e817bde58f3fcd860327c5261d562339e2568f9e,in
39sfuA8pY4UfybgEZi7uvA13jkGzZpsg5K,2b824c84eca48f9ebe52138fe4d4bc97b9114a7c006a30595d1f80923740b1d9,in
39sfuA8pY4UfybgEZi7uvA13jkGzZpsg5K,7ac0b93ad52f1c1b9c5b58932363ad3b5bb41bb3fca8f98793e23a1e381b0f43,in
39sfuA8pY4UfybgEZi7uvA13jkGzZpsg5K,718a6ac7b0bab1eacae7cafcf8afed975cbaa6d77ff9cf522c135fb661a965d8,in
39sfuA8pY4UfybgEZi7uvA13jkGzZpsg5K,91c49a699d662a8fafff5441b1f42b992a9c4c31f3a8589126747ec66ead884f,in
39sfuA8pY4UfybgEZi7uvA13jkGzZpsg5K,661c9f9e7a47c8ec3595a5104a058de388bf34bb78b3d9a26021dccc97d82199,in
39sfuA8pY4UfybgEZi7uvA13jkGzZpsg5K,7bbc30731f30ae9feb22956e33a4d5da6b5435a61a7d50f97cf2af45c3a862b8,in
39sfuA8pY4UfybgEZi7uvA13jkGzZpsg5K,ce10710397d67d5a010ba8746a10411a8c16d0348eadf237759005ac80bdce95,in
39sfuA8pY4UfybgEZi7uvA13jkGzZpsg5K,885961c7674bd1069d251adc8f45d6e5b5749c4cab6499e675a588c1de7644bb,in
39sfuA8pY4UfybgEZi7uvA13jkGzZpsg5K,ba99cc882a813ddb1e8009a770a446f952c70fd49f107a1fc21bbdf23489aff2,in
39sfuA8pY4UfybgEZi7uvA13jkGzZpsg5K,022560a9a0118d49727289f4f71f10c0c715be0345231e8bf8222228f66c1d25,in
39sfuA8pY4UfybgEZi7uvA13jkGzZpsg5K,db8682c25d9f75cb16c97017d0b63bdcb655c5898363884f55c97a9f962a998b,in
39sfuA8pY4UfybgEZi7uvA13jkGzZpsg5K,097064b1e6c3484587401f2683bd0825a6bdd930cab28b078358b632b105e864,in
39sfuA8pY4UfybgEZi7uvA13jkGzZpsg5K,62f367100cccb77fa7404d56d74b5e4cfaeeec0e9a5c3c747d0a78bdbc727481,in
39sfuA8pY4UfybgEZi7uvA13jkGzZpsg5K,43b72d776c650d69305d13831be3c2d89e175cb7952e98150ba2e24df44f7d89,in
39sfuA8pY4UfybgEZi7uvA13jkGzZpsg5K,66eb4d01f6e38c1f7a017a48ca4dde1582062321cd87b982a48019a10a4ca25a,in
39sfuA8pY4UfybgEZi7uvA13jkGzZpsg5K,8b06e11963aa3d581d8105b6222e40940a48ff3d1a81d9c9b2c0a8d777abf8d6,in
39sfuA8pY4UfybgEZi7uvA13jkGzZpsg5K,e8b8ff2c45608b0030b5756b971767edc2b7261953c670633f31cb901ff3aefa,in
39sfuA8pY4UfybgEZi7uvA13jkGzZpsg5K,1ddaea5b2789addbd78689501d629cb8636560b4f663edaf8dcc5881c4d62c6f,in
39sfuA8pY4UfybgEZi7uvA13jkGzZpsg5K,26b5c3d22c0071418ffc3ef4830909d21bd3c89049f283efc09fb210c7fddbc8,in
39sfuA8pY4UfybgEZi7uvA13jkGzZpsg5K,bfbb93a8b48963f7f214f5bee4fb3c3cfc99fd82d64f8f1b52719695d7c61611,in
39sfuA8pY4UfybgEZi7uvA13jkGzZpsg5K,d39e42a6b93852089a86641bf09d3e6b6e7ebd0bda85eb84337ea738fd2c3a1c,in
39sfuA8pY4UfybgEZi7uvA13jkGzZpsg5K,e45c58c85ceb11c630cf5023ff479633ccdb689d92ffb9884285bd271b97b0cd,in
39sfuA8pY4UfybgEZi7uvA13jkGzZpsg5K,547abb01eaeedbe3e8cb76776dcb9c3ac668cd4a0796cc8595ada3d61cf2bc3a,in
351kqTaiC8vPzgww7aUWLvx7wDcG2BKVLd,73033d271cc569c24010d8b85c1c660bd03d744fe33d98481e6bf18f1b4bce6c,in
3AdorkDobnYKNfAfgNgLBa7aafJMfqSXzp,b6101ae1c7ddd6d0b7aaea57f26a4ca1cef2c7881c5e89e431874302532f1f6b,in
351kqTaiC8vPzgww7aUWLvx7wDcG2BKVLd,69f9be983c5b30684c5982547dc1fa21095d0cbfac4ebc1762d86fd54849ebac,in
32RkrNRfyt2BpiZ1rvQY3Sp9WzrnpLAPC2,5725caeda0d6d33e180b72b20c777f8ab69a26b083eb2607cff4c9ad19b8b953,in
39sfuA8pY4UfybgEZi7uvA13jkGzZpsg5K,c145cbfaa01e5162298a0f424ad460d636eff4ce68b3240a01e73f9bf2232051,in
39sfuA8pY4UfybgEZi7uvA13jkGzZpsg5K,188db29ebbdd870c62ae7eb59c083af44abf8cf933e8c96f8109beddf617a702,in
39sfuA8pY4UfybgEZi7uvA13jkGzZpsg5K,b9c5b2da8ccf168a990b836a207feb4e10653080b95f45d41446af8b101879d8,in
3CQTEtNB7QC61fFwZ1aeLmSWwQnkPxFanH,bfc15891d9f9f53f1d4075ac9f3652898f45e540ba47ca0fb526b6373f428b0c,in
3CQTEtNB7QC61fFwZ1aeLmSWwQnkPxFanH,04669198af617e7593e1b4286c517878292ecf698d1e1f559721fa3c5de96f12,in
3CQTEtNB7QC61fFwZ1aeLmSWwQnkPxFanH,56844f08e6f867aff0ef6dfc9249f90dc668a7bb419a45b4eae2e9428bc626e2,in
3CQTEtNB7QC61fFwZ1aeLmSWwQnkPxFanH,ee8b3ee4e16655c8f6d6e4584c81526992c447763eb4c311b32e9aed2d6da48e,in
3CQTEtNB7QC61fFwZ1aeLmSWwQnkPxFanH,4f541041b60bb77c1ad48eb0224e17dd00cc694132721442791c226e1744e358,in
32RkrNRfyt2BpiZ1rvQY3Sp9WzrnpLAPC2,388900c8cae06b39f74193ea62dc834ec0b63c31129e9cf05d85b31e8af4c133,in
39sfuA8pY4UfybgEZi7uvA13jkGzZpsg5K,e4e7ee1ad96e29f5ad1731ed86ba29e8c71c3ed68394e961a7d5cfd4efd25b2e,in
39sfuA8pY4UfybgEZi7uvA13jkGzZpsg5K,2bb4fa1c487057fb7a0401fe52022f0fe92020014ca87c46055ba4133b1afc4b,in
39sfuA8pY4UfybgEZi7uvA13jkGzZpsg5K,d8f0d19227b091c1231b5481c983d1931e95ed108bbe85574e77060d394ee877,in
39sfuA8pY4UfybgEZi7uvA13jkGzZpsg5K,d0a6aa4dc243ce0b301806339975cff8ea1c2382b97cdc9db262d6359d25a3b4,in
39sfuA8pY4UfybgEZi7uvA13jkGzZpsg5K,d9f6cd89a73126235397385b4cff53f8c8581dd759c85d2a41724eee4b6058a1,in
33HcwoRHjhQBkrMPmeHxuQmD6jkebuVxMi,1d6ade7de775e748484d42f72f6e15a429e40a0b02be6bccc9e9a95bf69acc22,in
33HcwoRHjhQBkrMPmeHxuQmD6jkebuVxMi,32e0ef683c8608e2f488ec5165d0043686ecff0b51a92d23916b9e4ff91a74d0,in
33HcwoRHjhQBkrMPmeHxuQmD6jkebuVxMi,be4a8e7a804a3b2ac185cfba24cf33a5dc07b349ab745347da378d582c6f79cf,in
33HcwoRHjhQBkrMPmeHxuQmD6jkebuVxMi,819a346adb7cb17fa2509f3701ba90a60011b2792de6a1a3b89dd954700d6f5f,in
33HcwoRHjhQBkrMPmeHxuQmD6jkebuVxMi,c48d459d3bcf42bd1761987e652eef1bd3897265d9e5619052bc58f6fbd4e3a4,in
33HcwoRHjhQBkrMPmeHxuQmD6jkebuVxMi,a2c18059cbae9cef410dda75b48d4e95edba66f735ee219820935faca2807e4d,in
33HcwoRHjhQBkrMPmeHxuQmD6jkebuVxMi,d0e1cfd5397b5b922ce34de34ed85aa2c91ab9ef6d467fad3516f67cbd7223fd,in
3AdorkDobnYKNfAfgNgLBa7aafJMfqSXzp,9a00b737efc804c1ca4feaf9843d630c86cb25096e9e7a48bbdf25d68759837f,in
3AdorkDobnYKNfAfgNgLBa7aafJMfqSXzp,c3186950ff1ba0f40da682588a3f6526aee4830057c1859f38c8107ec9a1e512,in
364rQrzurrJnGUY8DroJXjkFNvKhSs3w2M,f49f6321472c4a30e57dbd1892006fc3941aef16d44c284f2b371c8e37ddbc04,in
364rQrzurrJnGUY8DroJXjkFNvKhSs3w2M,3ea6774019ec502851a829fe3b35c17dafa784da89b10f92b802c0ed6212a0ba,in
364rQrzurrJnGUY8DroJXjkFNvKhSs3w2M,7dc771cb656445d46e0b08e8ae6c466c5acd349c6e044f79e5dbb8d37c252ef1,in
364rQrzurrJnGUY8DroJXjkFNvKhSs3w2M,832636c85bde9f7991e9c16a5f38da02abd3f4ea8957340e7c7abeaa4d09c4ba,in
364rQrzurrJnGUY8DroJXjkFNvKhSs3w2M,96545f906156c649b86517c1b2898b6c915beeed0f9ef10033286479e1ca9902,in
364rQrzurrJnGUY8DroJXjkFNvKhSs3w2M,c0caecf81b4d3bb415c92892051eb8308f8d101ecf97e8acb70d81a6d0d9ccb4,in
364rQrzurrJnGUY8DroJXjkFNvKhSs3w2M,95088178870da9ce7f8784984124144f13f1c52e26a7a0ca3a8a73a44c5909f5,in
364rQrzurrJnGUY8DroJXjkFNvKhSs3w2M,4db6669d283d9af79af007092f3ed42332cd4bfeff94d457a82a1908602adfde,in
364rQrzurrJnGUY8DroJXjkFNvKhSs3w2M,94db293c1a43ffe31d7b889c642633afa2d6be07b7e5841c726463b5893054f5,in
364rQrzurrJnGUY8DroJXjkFNvKhSs3w2M,2d6d7d9d95cc8212fcf2ef9ac0dac787e448202d2c4a248f58acbf28cee2ab84,in
364rQrzurrJnGUY8DroJXjkFNvKhSs3w2M,d583fdd208014cca3138ff1efe0eef961df61fdd3ef9c6b245a896316277c078,in
364rQrzurrJnGUY8DroJXjkFNvKhSs3w2M,abeff996bd2e53f7427997a935993520c9ad81fc02b5e994741452a0fcaf8cd8,in
364rQrzurrJnGUY8DroJXjkFNvKhSs3w2M,a4b19a48e95e0c04953254e13349539369d45bbd105fd6cb6d8c8dcae0f1a454,in
364rQrzurrJnGUY8DroJXjkFNvKhSs3w2M,bef21c011d1240cb66493737c20a7830427e2a8dad4955946ecdf37447dada27,in
364rQrzurrJnGUY8DroJXjkFNvKhSs3w2M,5c2a46e130cd86acf298f38ade8d356bc059ef17c62836c26e239cf50eb8a395,in
364rQrzurrJnGUY8DroJXjkFNvKhSs3w2M,42a36d4159b58ce375a00340f861064540b37651047cdaa48e098842280840a2,in
364rQrzurrJnGUY8DroJXjkFNvKhSs3w2M,aba53ec40a1a3140670183782ba5cc29fc6686aeaebdea83c3fe850a677b996c,in
19iVyH1qUxgywY8LJSbpV4VavjZmyuEyxV,2eb6743e3f0e74eec53509cc9d4ef8d28edec1e125bdba522c1fee511a843a99,in
1Btc2UrZTqcbjLrr8trx66K9TozQmKeDGN,705cae4863fc27b297777232eb2f368c6c79ae41ca38909102f3cc359a7089f6,in
1Btc2UrZTqcbjLrr8trx66K9TozQmKeDGN,93b28a29be14459a4f42fb1598946b6a7507dcb6d7086e355409c93d70d3ad6e,in
1Btc2UrZTqcbjLrr8trx66K9TozQmKeDGN,55b0f3c8c826671aa36ffc61ce1e7450e6f75db8621af3f56ce396d9c0c18f3a,in
1Btc2UrZTqcbjLrr8trx66K9TozQmKeDGN,a9f486690269def505577f34a31aa273697e788e6098d24798673f43ece109a8,in
18p9Ftp3m4435tdpZTvoBsm3yjUgkvTF2b,1bfa21a9b76464533f7cd11785d6a693bac22581b96febffeb758de0f0608c4f,in
18p9Ftp3m4435tdpZTvoBsm3yjUgkvTF2b,6c064d3ecaf205f831247652d248c172f307c17606b05b95cb51bae42affe66b,in
18p9Ftp3m4435tdpZTvoBsm3yjUgkvTF2b,97ac0410328c756ce3a12a74d70834a4094faff26cddd5f19b898e8ca08796b4,in
18p9Ftp3m4435tdpZTvoBsm3yjUgkvTF2b,0dd9eb5419216b2fede85416280c622c243ba8c413a23acc6968514491a0f5f6,in
18p9Ftp3m4435tdpZTvoBsm3yjUgkvTF2b,fa36b70f791b52969249b249be1a2ab721a669065a2e191722c876758cc17ccb,in
1JP8FqoXtCMrR1sZc2McLWmHxENox1Y1PV,ab8b6a20776fa31cff9982d7efd3baaf9d322acb3fcb1ceaa9efc32622de6176,in
1JekgTYBRi2NYqYGf62krhGxzQbXwNgffx,22ffacf86439fef977245ae710a2c01f3b30a59f29fe2bf4b3089416261a5e7a,in
1BKGjCMm4aCF6JpHKC4PwShYUA7itNZFnH,1ee50004b332197841c203033327ab15596394816bc7f6cb3f3ed40e8942190a,in
3Jkan4CCf9RVSFNJsSXCmiogzqg3GMaLN4,9a2cb289d0f9e9e865dfbd6e422844629f8ea0db1c42078d312f1b27961e7778,in
35GRrMiXon3gnrYSsxX8AU6Fn53nfZaLAX,fa6f10c2a54652bff276dede6ac6cfb32db9f713af2b77334a057e471bd093e5,in
19PcAgt1rKCEVKTfvc4admNUDoW4VavuCT,625f63da671edcaaf87fe8bbf67fdde1af984291c3cbe407bb8a7ae70683fbea,in
1Ehc4pzeVSG8rWkpz6Wv3r65gF2yvU45UZ,b32e569a60246aa1d73954f037326166732303f80b0e4529143b3f98e185f2fa,in
12eTk5sjQegyph1hCyo9qVeJRRVzFWpeD4,427151feb8b5add0e80af9e4f6beae703d9134b46c022e9002380d5c22f74cdc,in
1LFSwi6hdRDc7oiyrSCqRR2st3v9iiqXeC,1c41bb934320111fde59a3ea1a575ca50f8994fd93b9e8e4b14c8eb7a4cb9c55,in
3FUBtcQxDiKLRhZPcdgZEDwM4rQ2NgjNnJ,bdac6f49366b2f663771956dc2d9bbd430ecedda15024bda9db01ac9290bbb9b,in
1BdqWLehV9i2z9U278YK6VjGtWRm9hm1nK,298260343281065b08db8efe08dc39d2fc7ad7f964463b7636eb6dc697eafab9,in
3BBPodp4tTNxSWfnJiYauKzw5E1M1wUuCU,59d5065dbeeba995a1fd0694f480fec57bc25d808c3ca985d7b84d757a529321,in
3Ex42AUjLMDVtduPGrgrqKMCDCBYyPQeke,23d577fc7b0695575484db005d530416480103b19192119ddfe81c889db155b6,in
3DAd5rFoZQd2HV1x72VHPUG6n9r4uZ1r8M,23d577fc7b0695575484db005d530416480103b19192119ddfe81c889db155b6,in
17A16QmavnUfCW11DAApiJxp7ARnxN5pGX,1713b4fda98193160cd27c615aa81300076a1120146ae041bd15a903c016987d,in
17A16QmavnUfCW11DAApiJxp7ARnxN5pGX,00cd5f95d8154adaba52c59f1f8154e9f1a57891e8087296364215b1bb09159e,in
17A16QmavnUfCW11DAApiJxp7ARnxN5pGX,56cfde07ae7282da15da5cf64fabeee0f8d7e1c6c3f2f08e701978b1a80062d9,in
17mWseRJjWsZ7teDsN2EG8S9MAM85d1d4D,7f51ea9f4e5957775eedebb6b5f1062b2c888f48d2d1affe87aac7120a183299,in
1GvRh19dmUopfGtL2DzYq1N4XoE3cyFxss,91404770d9aae35ffdc65c612bcdfb177fd47d9b3b92138f23a7c1855cc51e68,in
1CSCqAa5AWqmELyusK5QQPxviLSAEYSLCF,3013a81265247e274c205bca870b413f266aa3ba62d828a32f8b36446e765d0a,in
19prKcCggT2dxyoN86Jkn7ourSBshpQMF8,b932150c1637029c6842ee27a6814459880d3aae290bd2c1f99e6a6452f27846,in
1CTCAJ1orYPCDPAHGbJPSPTvJrwd5L9HD,248fea752f324f9f7ad5c38d160065cb73499419bf3d115eaa281d72d6d4e5c5,in
1FcB4QQYZ1psw3fJAsMxTavjwtHRf9XEfv,e52345c5a20da744d1c789681000168a825457f4d7b7df947fd785663c3a236f,in
18B77PbxidDZ81brpXyMuz1LoNmGYdt2WU,6f12242d07144daa999af0310f2f1c00f20be96c0adbdbf1c04e5ca0acf63afe,in
1AVe6QsUg78W8ibf6eZJ6vnsHqrPYyFbrk,b0203a2974de69c5e5194db5af59ae83faa33936fcb6e2bf05e4c9c600f39136,in
15dBRWeM739wwRN654GtsKesidEyH8HqnA,f82ee8e787119f6574a5f0ca3c041ec19a891c4d63c53d94c1e9f315861340f0,in
1vaff5zaKarV2nxzAftLdwZ1NBxhFjRxy,93304f2ad192d60f9c79ad6e5dd223f027283a03dbeb71013da8a2dd1fb327e5,in
1L7bL3cLnRsBQSyLLZVsuYynjGf6uNmV6g,9c8cd7ad36d7ea7f83418c3f39dda465cfda0883abda8cf8dd0d3dbad9b07181,in
1CwAavtzX3L54gu2NXXggyT8Kegx5ijKzV,d52530efe8757d918fb3a82d8fd1e7b69bc1fa8ec1c8b5879a9464e0e46b671a,in
1JW2cMpNtjV5ffGV8qrcBsM8j5sTuGijhr,551340d705ba305871637e915c609f89e20ca10ff53ca0685b8158d875e63302,in
1bonesL3Cvs29sQFduReeMmmCtiFyi6Sn,4b57c7f11e2be715dbecf3d67a0948505d19a51359ca619b619bb0cdfe2af960,in
19TtKDVBbbZ1Mcc82VRbL7FKGKN3UXHqB5,eb5333795d575ea382e93d4a5b62eff81e96739c42bad7870df331a9d622153a,in
194FTaeLrhrYfNULkXqb6t2QgBpgF2YpuH,3ede8228275a443c838e3b0b29ae780e539e32c7df071058219e323280ab1099,in
16jJV4RVBRNciDt8DBobHhao16C2Em3qYM,4df0d2a2e40ce66c50adbf941853f6c44af1c602e4bf6ae1c67b021d15fc38aa,in
1Gm8hiSfubWp7mTPAx9s24TCgSmjCj2YBL,69616aba605c9eb2010126f508636c65fe7915516c3bec03d6cf1db7e35f3bb6,in
1FKJY6nVQ5QBBVBP8cbfwTbEW6R1PjyMH,3a2f50d179ee527231a6b93b9b0e77a0e8d2c136f66a4a0e2247b9e6e5ebb9ac,in
1AEDvAzeewtJULEERMCvaaGcua3ken2Pvy,14695dd39db8094a070f637a90528039e4c58bb497c2f0d838f632856ad049e7,in
13rhsxtsAFW9YjrHdP4zggsanX7Rd3A27x,ef1a7c2079b338441cf8f581e13958103b15b07f3fdc3d7b18b3e02151f18998,in
16Q8euqcTBMWUhgSmyxQb8wReNoYz2q9zT,58d8d8fa4cfdb970d7dc128a581784e95be6f12ccb6227351de4dde95f1a5791,in
1L8YAUw7BGgLgxUvAussfbz2KXaRRTTjaa,3394d9bda56f2525f8cbfa2d3e73a580d254b7cbf91a79c12c16dd374534979f,in
1MZ2inU4PYLyFfWL9ZcGPz7nHQVoZmeWnp,93d62a7ba950ec56d0c9e77ee66627c7a333ebb054f75b2fe6f37615f6b09471,in
1LHDuT5QsBuuKyGT9RQv3534KS6UmfXfE2,0d9178b4593ea78947acf981fd4c0d920ee0042e0fa1b68a5a402c5a843e19b5,in
1GC5Xre8eDwUQg8jyBsAh9SUqyUmTErXZe,17b03af271e71a92e25ffdd049e3ed11ff90e04431401d36775fcfd050e9abb3,in
1Er68gNJ2eiD1Q7yghYP3fb7gM2US4nfF,d16d68d8b4cc59179825b51541aa13ebc6f8a994337b931e8bd6fd04a557809d,in
1i3SPTT6tABhQzQAX1mPZ1ae2JAr5oidJ,da76baf96351bcbf3d7d4d3b93a59ed0ab3b869f1af1c977f51e65d497e6e756,in
18gzrBjt7JPNCBNDfPxTnC1ciWiE5BtsNp,d7e0ce25508e57c98aa872b004d89fe0337ad82adaafa106f6696e6fd424d73d,in
1NWs4uX1fQL3Cv9utXFPxVEeMUmmX2g27o,d97fdcf0ae83f29a00192d9d933c32904a3f46ba59861e54bc5d0308f879fcaa,in
1J5uDmEJG4oi5hMghHwomSakrWNWhGptuE,46efad8af7055d6a6c7338554946f9d1b13f6e2bfe8d1dbe17c39b30643571dc,in
19o9xdojRn5C8MyYktNP6rjhzgZYvpN6a5,9e20855ce792139403f506b379e61572e3664c330a3cb23c48111b9457443c6a,in
1JU1psRNRcPeeE8mef8xXSCRig1d13P25m,5c608582f48b9f04da01b53d5ac6edd9f863981f686c8225f72fba7b950757bd,in
16HmRqMpTF8sySmieh7fbc9qXYsjs7jec6,92c6a9ef018168acc7b120def8f413bb92a521bfb791a1b69bd68431669463b5,in
15sZKzU1jKFYboPZ4fsW669qMetN8jdBf1,4efff112c3d7d207dcb82f8e534afc514ba4588004a31d482272c2422a56cb31,in
1CAk7yCWDZRYV2ZXhNYtSHKLUEHUYH1pKE,943794dff2c08fa08d3a367f19ab5874b531ea691b25724b1a3ce09ac8bfa65d,in
17RXi6tak8qTkFsHp4VXL5ii4AxJoq6NR4,f4b2aa8349ae3410458ac4c85d15baace83b8b87c1844a4100708d403eeeae41,in
169dhi3jdX7qXuFAECayQa7Hmr2HNAQPdT,f3bb85a4c111a5242fbe8b376f697605c93f82c154ae4f088f61520b666b892b,in
16NbRAY4u8rFm9BuK2g1a9B2Bnv3mPpB7p,cd9a4b4c734fa5b7d2a6b4248196c639cc65f3cc98caed807eb0fad1f25db827,in
1FrqcnPF1UQmy8152SZFjFqHyjqMivnJY8,d3327f4c102a213dfcd55776d57e67a3c6452ee7f1947016a484ecf22f268c8d,in
1By1B8e13r2oynk2q4ebSD8phg3BNQHprH,1ac31d787afbca3a78464e32ac4f02a3a4ddd5afaad0d8d0625700480ae2360b,in
1HENCEgPCzJw4zpezjZWjeVABDbDquAnRU,bda5cd8476b1d306e97f60b49c1b1587e1b8718661a84ec500b440c84bcef95a,in
1BLNYF1TB6MNKVK7pAFZUHVBQWRYiDyAf9,eebbee506e7b32f872566daeba6f114b619bcc778d97f15be3814cef5afe00a2,in
1P9RQEr2XeE3PEb44ZE35sfZRRW1JHU8qx,d8f1a789902cad86da24fc52aee0e4d2527ff4a2742bae48641c7543f0acbf9a,in
1D7mSgbD2CF7BkAj5B3fBX79HFSkMshoN,5e0f89f11e4575bec2fad2d3761ff37dd1b52444fbfbbbd142f232012e1bc681,in
1P9RQEr2XeE3PEb44ZE35sfZRRW1JHU8qx,2e1fe553a7c6bb1b8734697ce7e188df5027ae85ddba7046f6cda47932450f62,in
15YyhAxdXnMP7rovocb5K9KsLueSeVwuxB,47094ecf7e0fb830e0f7d5e208ac0a9cbab86fc29839e1361b1db82bd501e958,in
1HYPGvWFy2PhMoggrK7ZpaM1L7QgVphwdn,82000d27d54ace08d7a0e727f20b826f306b2fa47bb49c7aabed9fdc98ba7910,in
1P9RQEr2XeE3PEb44ZE35sfZRRW1JHU8qx,bd13658e6e2852ee12594ad3301236d6261b97c8fdd84ea7eeb5f9c84220b630,in
1DrQxEVV93cedQVMquBKttAH3qc4iUU8G3,29c13dff6a1cffa14a29c3a06d5ce6f6f487ff9167b626550f990e7f506612a5,in
1Eg5P2FyUfeCjjJSdjdfw5BQGtpQjuAaXh,4a40f5fb8b4ad5fcae7defb4e633b3617c381744d85c579680a29cfe376cabce,in
1CviCoEFVWYS1hkqSdWxKP9H9bZtXtypWN,37a1bfed6e81d7b413a6ac34cb948a376473cae2892b7cc031c745051daa33bf,in
1FmfydN5HrMWg1zL7rvxnmP1pRf1KG8juV,0686fbb50f727561e153d8f031d7769ef2f2df1dcae4edd5e24cb493138b2551,in
1GC67MPmVpGPDz8GP8qqNiQpiZ3pSrtTaV,a4cb8a6c1b6945b873de08f8bcbedfc5a3b18d6602ccca73dab6792f9638ac3c,in
19rmvDikJGc4RE2g6ntsjzLFg9H1zMhXZh,a3f8ae88e4507f7adad8e3b63076ef6cbc8664447b339facd22f2418419efa30,in
19BnbZrreAFAaQcgyrSfLwjgCJddd9bMaF,e030d735f258a9b7e4b819b97d8c51894a14b68e15001fedd4b190fee2c0bf06,in
18XvikS6faqDZuE8bcLeMgXxNG3LCS3bcB,e2b32160e9a9e6868dadfc101508cc5f32bd90822931cf643ceb23a2c71c4b68,in
1KneMKMhnUMmMgNswRLRZ3th54wHe2aYGt,5293d10c71afe4e45f77fb9b0502efd820fdef8ddc2e58b8aebbfb22dddc5fce,in
1EYEXR3ob7LJyKv1EMan7CMP7F31wstUQo,9aa0ed761f36263e48435909a42cc43737149d45a1fef44e868f3459c28df49d,in
1CWvBfnvkhiFTRMDGsFyMEEeqZaLwVJCz9,cf6a4cba070d2b930ed849619ac633e8c3d5b046901daa8be15731e41b6f66e6,in
12P9deB1uEieDxFGkawiHrYfEZyVyaLiuL,e8e7ced3001d5e7eef6189c7afb643bc2d8da85dfd480112224407b0abb81f59,in
1A2L6S1Pmwoj7t8mRHCbRY4T763t1DR339,bb23914dfedca4bdc322beee079ce1b93f7d67d573a94cc32f0c9c2d5d160377,in
14vAoAw3Qm9SEUr698JZsueFhWB5wUz5Qo,b7169381d489d1ac10bfab1efc8eef1548de42f1183d4266ee43f6e75bb07f3e,in
1KGcuLvsU954bjXrMWWKEW59RFeCeH9Ahe,68461d6b6ca8676e582f235da36f09be930849c5710efaa8b2b4b1a9cda1aa9a,in
16xD6BNVmj8MZz6pxLk2gDe9iePYJziFav,4b8126e1ff1cc5d6e8cf78be6245575db2444e1a571422819600e4bc02fb226a,in
1Btc2UrZTqcbjLrr8trx66K9TozQmKeDGN,3826cbf8c9444aab1ec17d3a88f2d1b614bd1bf4587ef0daba5b926518ab99a9,in
1Btc2UrZTqcbjLrr8trx66K9TozQmKeDGN,dc7e25782b5b302e2edd1fd2221600e43f64ae04c67acc1fa40485d69e8648ed,in
1Btc2UrZTqcbjLrr8trx66K9TozQmKeDGN,cc193fab143ab9bb40a08e04384ecf4d9210f8ca09a7a4efcaca0a73cdff039d,in
1Btc2UrZTqcbjLrr8trx66K9TozQmKeDGN,9a821a7e57f8d68c4b7bc2d7ef3b92d1750922d5123f304e55592c9a520412f5,in
1Btc2UrZTqcbjLrr8trx66K9TozQmKeDGN,0999581719bf18523a1031370d6f41a8af300717498b331ebfedabb5924f04b8,in
1Btc2UrZTqcbjLrr8trx66K9TozQmKeDGN,a3e373eea0a9d8860c063a57e6752bc415ce9f57614c8ddb1ea6d47fa253833f,in
1Btc2UrZTqcbjLrr8trx66K9TozQmKeDGN,c9f88bbcc699cf42bd0b164edbe1ea55277790b1745d21e565d74067eb889cf1,in
1FHREjqR1p7VzTmgREKpQXX4hu71MhEG7h,daf117f07c43e3393feda61522cba1d96bec4712e03dbdea1cfb80b80dc35791,in
1CD9JgNcDtdKZG2pWdDZuHy2K5SbL7LMPb,c755b56bb47f60cbee9dc47c91ea95f16bab108124e2099faf584b7e378551c8,in
13tVUci2BLRVrT8hyFQAhe4n2K5RnWEjoK,a9edee77e7dc60142c7263763749484c78057f00c91de24fbdbb30aea980eebf,in
1Estz6DJ2jQUHKLj5ybRp2ATYMBD2ZSvqj,677363fb9bdf59a89f81744da9b343289cbe5bf7e1b9b9505b2f3b09c9cddbf4,in
1KiLwznpbCqLAukzd7sb9cgASf8GKE2yw8,6774f366cf09d0599ac0d3cf04059d0928b0ba3bc000bea9d72245568917ef58,in
1Bx1NXvzC8NTrcampgmP9jA8btgjaY1ium,abb7367e5eca6f224ea22010c95ce4a2ab487f09d67e9e41e3339c1b730ef304,in
1KbZ9Chjrus26YAR658LBuTg9W3FRXshNm,3d630db54b030dff6372015941cfef3ddf975f721f7a94fe96cab6431232d6c2,in
18qgtniW8yx4UpBUEkUrUHAKVZHymKvqNj,3d630db54b030dff6372015941cfef3ddf975f721f7a94fe96cab6431232d6c2,in
1Kq7C3W7edM7hmoBpAMNysq2FowkEJasYE,9a3683d47b7afdc76b665bd7d79b9cee4c1fe86d5e326504daf9828cd12dfbe2,in
